Compound ID,measured log(solubility:mol/L),SMILES
A-356,0.09119837646433337,CCO
A-385,-0.12649042643823305,[Na+].CNC([S-])=S
A-441,0.12451232513333998,[Br-].CCCC[N+](CCCC)(CCCC)CCCC
A-452,-0.35236342862412,Nc1cnn(CCO)c1N.O[S](O)(=O)=O
A-453,-0.43068780286457986,[Na+].[Na+].[O-][S](=O)(=O)c1cccc(c1)[S]([O-])(=O)=O
A-477,-0.2039292899649563,OCC(O)C(O)C(O)CO
A-504,-0.07227804996322569,OC\C=C/CO
A-523,0.010042923053032032,[H+].[NH4+].[F-].[F-]
A-607,0.036140047148979795,[NH4+].[I-]
A-616,-0.2695391225819039,NC(N)=O.O[P](O)(O)=O
A-617,-0.018706985435393363,NC(N)=O
A-657,-0.23835508251012016,CO[Si](C)(OC)C=C
A-659,-0.21313624678722526,NC(=O)c1cccnc1
A-719,0.16190885294196916,N
A-960,-0.053368001730693726,COC
A-962,-0.9077589165728532,[Ba++].[O-]P=O.[O-]P=O
A-975,-0.5322374843839659,[Co++].CC([O-])=O.CC([O-])=O
A-989,-0.5409887480479445,[Cl-].C[N+](C)(C)c1ccccc1
A-1490,0.1992924890352418,COCCOCCO[Si](CCCOCC1CO1)(OCCOCCOC)OCCOCCOC
A-1533,0.015848814876231607,OC(O)C(Cl)(Cl)Cl
A-1558,0.03253658375472797,[Na+].[I-]
A-1688,-0.029084952500706085,[K+].[I-]
A-1720,-0.732217516518387,COC(=O)OC
A-1729,-1.123304700918326,NO[S](O)(=O)=O
A-1784,-0.17985018783511386,N.[Fe+3].OC(CC([O-])=O)(CC([O-])=O)C([O-])=O
A-1833,-1.440785281973167,CC(C)NC(C)C
A-1863,-0.8196040286229146,CCOC=O
A-1884,0.0054828434437280416,NCc1occc1
A-1885,-7.35504370530206e-05,OCC(F)(F)F
A-1886,-0.2763017406248603,C[Si]1O[Si](C)O[Si](C)O[Si](C)O[Si](C)O1
A-1887,-0.12264909087358203,CCOCCOCCOC(C)=O
A-1890,-0.1902899319807204,CC(=C)O[Si](OC(C)=C)(OC(C)=C)C=C
A-1892,0.019186594290059863,OCCCCO
A-1893,-0.18526089994954303,C[Si]1(C)O[Si](C)(C)O[Si](C)(C)O1
A-1896,0.015262767586586758,OCC(O)CO
A-1898,-0.16912146645156095,[Br-].CC[N+](CC)(CC)CC
A-1899,-0.10754000634346791,[Cl-].CC[N+](CC)(CC)CC
A-1900,-0.056177446941717134,[K+].C[Si](O)(O)[O-]
A-1902,-0.3294366224582254,OO
A-2252,-0.1352930665148044,[Cu].C[S](O)(=O)=O
A-2338,-0.9529674352467274,N[C@@H](CCC(O)=O)C(O)=O.OCCN(CCO)CCO
A-2362,-0.1997859610261585,Cl.OC(=O)[C@@H]1C[C@H](CN1)C2CCCCC2
A-2363,-0.02864954444020135,O=C1NC2CC1C=C2
A-2372,-0.39359105570052927,[Na+].CCCCc1ccc2[n-]nnc2c1
A-2403,-0.07044948495920474,C=CC(=O)N1CCOCC1
A-2404,0.019186594290059863,COCC(C)O
A-2806,-0.22987027662672777,[H+].[Cl-].Fc1ccc(cc1)C(=O)C2CCNCC2
A-2807,0.005979794017967424,OCC(=O)CO
A-2812,-0.12515048593510295,[Cl-].C[N+](C)(C)CC1CO1
A-2814,-0.2127158905855806,CC(C)c1ccc(cc1)[S](O)(=O)=O
A-2821,-0.10753194167644033,[K+].[O-]C(=O)CS
A-2822,-0.2566157209178589,[Na+].OC(COCC=C)C[S]([O-])(=O)=O
A-2823,-0.024021163148243586,O=C1OCCO1
A-2826,-0.26782306160575664,[Cl-].N[C@@H](CCCN=C(N)N)C(O)=O.[H+]
A-2833,-0.40219160946485166,[Na+].[Na+].[Na+].[O-]C(=O)CN(CC([O-])=O)CC([O-])=O
A-2838,-0.13822721149092923,[Na+].[O-]C(=O)CS
A-2839,-0.3141128895794868,[K+].CC(CC([O-])=O)CC(C)(C)C
A-2846,-0.341242346741064,[O-][S](=O)(=O)CCC[NH+]1CCOCC1
A-2849,0.05476544147565646,[Li+].[Cl-]
A-2850,-0.1919590264533712,OCC[C@@H]1CCCC[NH2+]1
A-2851,-0.258521490857286,[H+].[Cl-].NC(CO)(CO)CO
A-2854,-0.3106916995091094,CC1(C)CC(O)CC(C)(CN)C1
A-2855,-0.28448007090611055,[Na+].CC(=C)C[S]([O-])(=O)=O
A-2857,-0.9252402618824972,O[C@@H](CNc1ccccc1)C[S]([O-])(=O)=O
A-2859,-0.6722187127378734,[Na+].CCCCCCCC1N(CCO)C=CN1CCC([O-])=O
A-2860,-0.9244899851361281,[Na+].[Na+].[Na+].[Na+].[O-]C(=O)CN(CCN(CC([O-])=O)CC([O-])=O)CC([O-])=O
A-2870,0.1492767507657594,[Br-].CC[N+]1(C)CCCC1
A-2871,-0.31223268803683907,[K+].[O-]C(=O)c1ccccc1
A-2872,-0.5322286050893799,[Cl-].NC(=O)c1ccc[n+](Cc2ccccc2)c1
A-2876,-0.31336762716306515,[Cr+3].[O-][P]([O-])([O-])=O
A-2889,0.2939175442577362,OC[P+](CO)(CO)CO.OC[P+](CO)(CO)CO.[O-][S]([O-])(=O)=O
A-2891,-0.1484424055516164,O=C1CCO1
A-2892,-0.6236243190133185,[K+].CC(C)CCOC([S-])=S
A-2894,-0.7246201189651653,[Na+].[O-][S](=O)(=O)CCN1CCOCC1
A-2895,-0.7459981420203076,CCCCCCCC(=O)OCC(O)CO
A-2898,-0.40792252867268086,[Li+].[O-]C(=O)c1ccccc1
A-2911,0.20293187037116678,[H+].[Cl-].NN
A-2918,0.3299430231692911,CC(C)CC1CC(C)(O)CCO1
A-2924,-0.9854267543628533,CC1(C)CC(=O)CC(C)(C)N1[O]
A-2947,-0.808668106712744,O=C1NC(=O)C2CCCC12
A-2949,-0.8984805615066893,[Na+].[Na+].[O-][S]([O-])(=O)=O
A-2958,0.061606795176464536,[K+].OP(O)O
A-2962,-0.5720295306576897,CC(N)C(O)=O
A-2971,0.0527461192147833,OC(=O)C1CCCN1
A-2973,-0.9787874481851631,[NH4+].[Fe+3].[O-]C(=O)CN(CCCN(CC([O-])=O)CC([O-])=O)CC([O-])=O
A-2987,-0.044292916990539534,[Li].O[S](=O)(=O)C(F)(F)F
A-2988,-1.9892226328236986,NC(N)=N.O[N+]([O-])=O
A-2993,-0.7563645513136978,N#CCCC#N
A-2999,-0.07113983762633537,O[S](=O)(=O)c1ccccc1
A-3000,-0.10902103614290802,Cc1cccc(c1C)[S](O)(=O)=O
A-3002,-1.1022783076858784,OC(=O)C(O)=O
A-3004,0.06822201277013262,[Li+].[O-][N+]([O-])=O
A-3005,-0.031002724630807763,CCCCNCCO
A-3006,0.05088084164730855,CNCCO
A-3007,0.08424463327074877,NCCO
A-3008,0.05542127302435305,CN(C)C=O
A-3009,-0.10660314715210911,[OH-].[Cr+3].[O-][S]([O-])(=O)=O
A-3010,0.0946699915501307,[Na+].S
A-3018,-0.06178084449639659,CCOC(=O)N(CC)c1ccccc1
A-3078,-0.18343374907108906,OC(=O)c1cc(ccc1O)[S](O)(=O)=O
A-3079,-0.13793662471490295,N[S](O)(=O)=O.C1COCCN1
A-3080,0.08934238379716174,[F-].[K+]
A-3081,-0.056665121054196195,OCCN1CCNC1=O
A-3083,-1.24969709201474,CC(=C)C(O)=O
A-3086,-0.23409846219788913,CC[N+](CC)(CC)CC.[O-]C(=O)c1ccccc1
A-3087,-0.7667070717966644,[Na+].[O-]C#N
A-3088,-1.2368646764928914,[Na+].OC([O-])=O
A-3089,-0.018728434671130226,OCCNCCO
A-3097,-0.016147791633070674,[Na+].[Br-]
A-3098,-0.07290886121693131,COCCOCCOC
A-3099,-1.4182192955940156,C/C=C/C(O)=O
A-3115,-0.09195869003807004,[K+].CN(C)CC([O-])=O
A-3117,-0.02056649831201315,[K+].OC([O-])=O
A-3118,-1.719697284682964,CC(=C)CCO
A-3134,-0.14545809660928835,[Na+].[Na+].[O-][Se]([O-])=O
A-3135,-0.2846483640809621,[Na+].[Cl-].[O-]C(=O)c1ccc[n+](Cc2ccccc2)c1
A-3137,0.013534903447824858,CC(C)(N)C#C
A-3139,-0.5743657366846001,[Na+].[O-][V](=O)=O
A-3144,-0.08881874656743777,CC(O)CNCC(C)O
A-3146,-0.10105406325413673,C1N2CN3CN1CN(C2)C3
A-3148,-0.43743760299811874,O.O.O.O.O.O.O.[Cl-].[Cl-].[Cl-].[La+3]
A-3149,-1.09397598343877,CCC1CO1
A-3153,-0.2432911301740178,[NH4+].[NH4+].[O-][S](=O)(=O)OO[S]([O-])(=O)=O
A-3159,-0.18882307350096586,[Cl-].C[N+](C)(C)CC(O)CCl
A-3162,-0.04507137078883871,CC(C)(CO)CO
A-3168,-0.07128459586480623,[Na+].[O-]C(=O)CCl
A-3169,-0.06544049245633342,O=C1CCCCCN1
A-3171,0.031406942561892685,[Na+].[O-]N=O
A-3172,-0.20444450357562471,[Na+].Cc1ccc(cc1)[S]([O-])(=O)=O
A-3175,0.19824202037529146,CO[P](=O)(CCC(=O)NCO)OC
A-3211,0.2806466013660901,[NH4+].[Br-]
A-3215,-0.37494765352982623,[K+].CC(=O)CC(=O)Nc1ccc(cc1)[S]([O-])(=O)=O
A-3216,-0.23584580594031096,CCOC1=C(O)C(=O)O[C@@H]1[C@@H](O)CO
A-3217,-0.3762752014427079,[Na+].[Na+].[Na+].[Na+].CC(O)([P]([O-])([O-])=O)[P]([O-])([O-])=O
A-3220,-0.02750268485706953,CNC(=O)NC
A-3223,-0.3867193564106961,[Na+].CCCCC(CC)CN(CCC(O)=O)CCC([O-])=O
A-3230,-0.04607899367530488,[H+].[Cl-].CN(C)C
A-3232,-0.34680947086427855,CNC.OC(=O)COc1ccc(Cl)cc1Cl
A-3233,-0.09545014197673064,COCCC(=O)OC
A-3234,-0.015040816296669113,[K+].[O-]C#N
A-3236,-0.0641528776862436,[K+].[O-]P=O
A-3237,-0.06821899369606184,O.[Na+].[O-]P=O
A-3246,-0.3128702729579667,[Na+].[Na+].[O-][S](=O)(=O)OO[S]([O-])(=O)=O
A-3249,-2.224219951800764,OC(=O)C=C
A-3250,0.13629033227173368,CN
A-3258,-0.1580446503854594,[Na+].[O-][S](=O)(=O)CC=C
A-3261,-0.672488897912361,COc1ccc2cc(oc2c1)C3N(C)c4cc(ccc4[NH+]3C)[S](C)(=O)=O.CC([O-])=O
A-3262,-0.3646503030794181,[Na+].OCCN1CCN(CC1)CC[S]([O-])(=O)=O
A-3263,-0.10493135611302985,NC(=O)[C@@H]1CCC[NH2+]1
A-3264,0.0025234827251304354,[nH]1cncn1
A-3265,0.1391055970035928,[H+].[Br-]
A-3266,0.005414085865667391,[Na+].[O-]C=O
A-3299,-0.17975300998274388,[K+].[O-]C(=O)C(F)(F)F
A-3300,-0.1646896263891647,[Na+].[Na+].[O-][P]([O-])(F)=O
A-3301,0.07035387866369706,OC=O
A-3303,-0.49120230477809507,[NH4+].[NH4+].OC(=O)CN(CCN(CC(O)=O)CC([O-])=O)CC([O-])=O
A-3306,-0.5428479309420522,CCCCCCCCCCCC[N+](C)(C)CC(O)C[S]([O-])(=O)=O
A-3312,-0.12166469617419272,[K+].[Br-]
A-3313,-0.3076467189005333,Cc1ccc(cc1[S](O)(=O)=O)[N+]([O-])=O
A-3314,-0.3286182937215258,[Cr+3].CC([O-])=O.CC([O-])=O.CC([O-])=O
A-3319,-0.3859193209906824,[I-].[Cs+]
A-3320,-0.18139127410023198,[Cl-].CN1C[NH+](C=C)C=C1
A-3325,-0.2062605174657323,[Cl-].N[C@@H](CS)C(O)=O.[H+]
A-3329,-0.29927859436635196,[Na+].[Na+].[O-][Mo]([O-])(=O)=O
A-3330,-0.2674179572371999,[Cl].[Fe].[O-][S]([O-])(=O)=O
A-3331,-0.21978944033549336,[Cl-].[Cl-].[Cl-].[Fe+3]
A-3333,-0.19974170836236707,[Fe++].[O-][S]([O-])(=O)=O
A-3337,-0.19585208461952378,[Na+].[O-]N1C=CC=CC1=S
A-3339,-0.29154247780619924,[Na+].OC[C@H](O)C1OC(=O)[C-](O)C1=O
A-3340,-0.158056828686962,[Cl-].[Cl-].[Ni++]
A-3345,-0.3576727976799087,[Ca++].N[S]([O-])(=O)=O.N[S]([O-])(=O)=O
A-3346,-0.13141233183553686,NCCCCCCN
A-3347,-0.1357733646037196,[Na+].OC[S]([O-])=O
A-3348,-0.013949460752825119,[nH]1ccnc1
A-3349,-0.2147219044335824,[Na+].N[C@@H](CC(O)=O)C([O-])=O
A-3352,-0.38680240492239304,[Mn++].[O-][P]([O-])([O-])=O.[O-][P]([O-])([O-])=O
A-3357,-0.24972034973326765,CC1(C)CC(O)CC(C)(C)N1[O]
A-3358,-0.2181244551762404,[Na+].Cc1cccc2n[n-]nc12
A-3367,-0.22783220773537224,CC(C)C(=O)OC(=O)C(C)C
A-3369,-0.2159502760116137,[Na+].[O-]C(=O)[C@@H]1CCC(=O)N1
A-3371,-0.16159079281093167,[Na+].[Na+].[O-][P](=O)=O
A-3373,-0.5284240581769372,[K+].[K+].[K+].OC(CC([O-])=O)(CC([O-])=O)C([O-])=O
A-3374,-1.2426898090344194,OCCOCCOCCCNc1ccc(NCCCOCCOCCO)c2C(=O)c3ccccc3C(=O)c12
A-3375,0.0007453944528391595,CC(O)=O
A-3376,-0.2112095816017901,OC(=O)CCC(=O)C(O)=O
A-3377,-0.6408237884818093,[Na+].[Na+].[O-][S](=O)(=O)CCCSSCCC[S]([O-])(=O)=O
A-3402,-2.436484658902808,S=[Sr]
A-3416,-0.07557939796449678,O=C1NCCN1
A-3420,-0.25694019197786194,[NH3+]O.[NH3+]O.[O-][S]([O-])(=O)=O
A-3421,-0.18414454076696074,[Cl-].[Cl-].[Co++]
A-3423,-0.20158662941793823,[K+].O[P](O)(O)=O
A-3435,-0.3216244755309989,OC(=O)CC(O)(CC(O)=O)C(O)=O
A-3437,-0.07951508860448928,Nc1[nH]ncn1
A-3438,-0.46805341014262286,OCCN1C(=O)N(CCO)C(=O)N(CCO)C1=O
A-3439,-0.37135767307461265,[Na+].OC(=O)CC(O)(CC(O)=O)C([O-])=O
A-3444,-0.2381616962575978,OC1COC(O)C(O)C1O
A-3445,-0.35884681671679053,CC(C)(CO)C(O)C(=O)NCCCO
A-3446,-0.24271951209608147,OC(C(O)C(O)=O)C(O)=O
A-3448,-0.3245664872035564,[K+].O[C@H]([C@@H](O)C([O-])=O)C(O)=O
A-3461,-0.004325882078084592,[Na+].[SH-]
A-3462,-0.10427474428368226,NCCC(O)=O
A-3463,-0.4180240833544959,[H+].[H+].[Cl-].[Cl-].CNc1nc(OC)ccc1N
A-3464,-0.17606893665413637,CCC(C)NCCO
A-3467,-0.5406958604940112,OC(=O)CC(O)(CC(O)=O)C(O)=O.C1CNCCN1
A-3468,-0.34352702612074676,[Na+].[Na+].[O-][S](=O)O[S]([O-])=O
A-3476,-0.25418986299393304,[Na+].OCC[S]([O-])(=O)=O
A-3483,-0.4616613122554666,[Na+].[Na+].OC(=O)C(O)(CC([O-])=O)CC([O-])=O
A-3490,-0.10953620060468375,O=C1OC=CO1
A-3492,-0.32894118214703966,[Na+].CCC(C)OC(S)=S
A-3497,-0.4846082101592406,[Cd++].O[N+]([O-])=O.O[N+]([O-])=O
A-3498,-0.2641312151512187,[Na+].CCOC([S-])=S
A-3500,-0.4411208922368087,[Cl-].[Cl-].[NH3+]CCCCCCCC[NH3+]
A-3502,0.2112382384503652,OCCCCCCO
A-3503,-0.2988798806293491,CN(C)CCOC(=O)C(C)=C
A-3504,-0.38609863071157646,[Na+].[Na+].OC(C(O)C([O-])=O)C([O-])=O
A-3505,-0.35800413407011067,CCO[P](=O)(OCC)OCC
A-3551,-0.493647590743864,[K+].CC(C)c1ccc(cc1)[S]([O-])(=O)=O
A-3552,-0.147767723849443,[NH4+].O.NC([O-])=O
A-3553,-0.46089536334906767,[Na+].CC(C)c1ccc(cc1)[S]([O-])(=O)=O
A-3555,-1.0265801912192145,CO[S]([O-])(=O)=O.C[N+](C)(C)CCCNC(=O)CCCCCCCCC=C
A-3566,-0.28667425596806373,CCC(CO)(CO)C(O)=O
A-3567,-0.778493302228157,[Pb++].[O-][N+]([O-])=O.[O-][N+]([O-])=O
A-3569,-0.8403680307406867,[Na+].[Na+].[Na+].OCCN(CCN(CC([O-])=O)CC([O-])=O)CC([O-])=O
A-3594,-0.6538887495161804,[Li+].[Li+].[Li+].O.O.O.O.OC(CC([O-])=O)(CC([O-])=O)C([O-])=O
A-3602,-0.1597634943798529,[Mg++].[Cl-].[Cl-]
A-3603,-0.5996955658250549,NCCCCCCN.OC(=O)CCCCC(O)=O
A-3605,-0.3399710891954166,[O-][S]([O-])(=O)=O.O=[V++]
A-3606,-0.33609294020738056,[Li+].O.O.O.[O-][Cl](=O)(=O)=O
A-3613,-0.40152565915586985,[Cl-].[Cl-].[Cd++]
A-3614,-0.4778836338795098,[Na+].[O-][S](=O)(=O)CCBr
A-3615,-0.21300602904312074,Oc1ccccc1O
A-3616,-0.15265447345588226,CCN(O)CC
A-3617,-0.4006247860222264,NC(N)=N.NC(N)=N.OC(O)=O
A-3618,-0.07895514552360446,[Li+].CC([O-])=O
A-3625,0.017669314897663074,[Fe+3].[Fe+3].[O-][S]([O-])(=O)=O.[O-][S]([O-])(=O)=O.[O-][S]([O-])(=O)=O
A-3629,0.11318869293999652,[Zn++].[Br-].[Br-]
A-3636,-0.7687589353424942,[Na+].Cc1ccc(OCCC[S]([O-])(=O)=O)c(c1)[N+]([O-])=O
A-3641,-0.3001617224664214,[Cl-].[Cl-].[Zn++]
A-3650,-0.4361906330545714,N.N.O[C@H]([C@@H](O)C(O)=O)C(O)=O
A-3651,-0.3095322937305261,Cc1ncc(CN)c(N)n1
A-3652,0.13896396483194426,[Mn++].[O-][N+]([O-])=O.[O-][N+]([O-])=O
A-3653,-0.4487320490905289,CN(C)CCCNCCCN(C)C
A-3654,-0.6087837563435459,[H+].[H+].[Cl-].[Cl-].Nc1ccc(OCCO)c(N)c1
A-3655,-0.6642351102848278,[Na+].[Na+].[Na+].OC(CC([O-])=O)(CC([O-])=O)C([O-])=O
A-3665,-0.4198734602390772,[Na+].COC(=O)c1ccc([O-])cc1
A-3666,-0.4067564458426698,[Na+].NC(CCC(O)=O)C([O-])=O
A-3667,-0.09473666191751713,[Na+].[N-]=[N+]=[N-]
A-3668,-1.6055045066743803,[Na+].[Na+].[Mn++].[O-]C(=O)CN(CCN(CC([O-])=O)CC([O-])=O)CC([O-])=O
A-3675,-0.564000441429075,[H+].[Cl-].OCCNc1ccc2OCOc2c1
A-3678,-0.20893015003618703,O=C1OC(=O)C=C1
A-3683,-0.2357306889238218,[Na+].[Na+].[O-]C([O-])=O
A-3687,-0.07673868062451179,C[C@H]1CO1
A-3692,-0.6244128267661416,[K+].[K+].[Zn++].[O-]C(=O)CN(CCN(CC([O-])=O)CC([O-])=O)CC([O-])=O
A-3752,-0.07673868062451179,C[C@@H]1CO1
A-3757,-0.7498152645602479,[Na+].CN(C)C(=S)SCCC[S]([O-])(=O)=O
A-3765,-0.27923266700509797,OCc1scnc1
A-3768,-0.46219006712635013,CC(=O)N1C[C@@H](O)C[C@H]1C([O-])=O
A-3775,-0.8957409203686109,O.O.O.O.O.O.O.[Co++].[O-][S]([O-])(=O)=O
A-3776,-0.3799762383094146,[Na+].CN(C)C([S-])=S
A-3779,-0.07455686423312044,[NH4+].[Cl-]
A-3781,-0.8320971557948614,[Cl-].Nc1cn(n[o+]1)N2CCOCC2
A-3791,-0.3566242050807942,OC1CNC(C1)C(O)=O
A-3798,-0.16891453134757983,[Cl-].[K+]
A-3799,-0.6374359556674067,O[S](=O)(=O)c1ccc2ccccc2c1
A-3811,-0.9609987658543808,[Na+].OC(=O)c1cc(cc(c1)[S]([O-])(=O)=O)C(O)=O
A-3819,-0.37656163712939095,[Cl-].C[n+]1ccccc1
A-3821,-0.35211769421614675,CCc1nccnc1C
A-3822,-0.16143401316600917,[H+].[Cl-].NO
A-3830,-0.6246642600244464,OC[C@H](O)[C@@H](O)[C@H](O)C(=O)C(O)=O
A-3831,-0.3407400816418611,C[N+]1([O-])CCOCC1
A-3833,-0.6116572773882668,[Na+].NCCNCC[S]([O-])(=O)=O
A-3835,0.06305862848540034,[K+].[O-][S](=O)(=O)CCCOC(=O)C=C
A-3847,-0.4006526836587821,CC(=O)C1CCOC1=O
A-3852,-0.1341106444923311,[Na+].[Cl-]
A-3853,-0.46501737115739544,[Li+].[Li+].[O-]C(=O)CCCC([O-])=O
A-3854,-0.40819005286000914,CC1OC(=C(O)C1=O)C
A-3866,-0.2567430797719802,O=C1CCCC1
A-3867,0.1947137085730401,[H+].[Cl-].CNC
A-3869,-0.15577528621177192,COC=O
A-3889,-0.39324035847762223,OC[C@H]1NC[C@H](O)[C@@H](O)[C@@H]1O
A-3943,0.18648705617374228,OCC#CCO
A-3950,-1.3604756221828214,OC(=O)CCC(N(CC(O)=O)CC(O)=O)C(O)=O
A-3969,-0.031484945101724365,[Cs+].[Cs+].[O-]C([O-])=O
A-3985,-1.377860453003049,O.O.[Cl-].[Cl-].[Ba++]
A-3986,-0.8957490260665982,OCC(Br)(CO)[N+]([O-])=O
A-3988,-0.29061438407673507,Cc1[nH]ccn1
A-3991,0.1350609004152198,O=[Se]=O
A-3992,-0.38638049689498977,C1CCOCOC1
A-4004,-0.4065762651706191,[Li+].[Li+].[O-][S]([O-])(=O)=O
A-4006,-0.01649099742095571,CC(=C)C(=O)OCC[N+](C)(C)CCC[S]([O-])(=O)=O
A-4024,-0.48324234524377935,CC(=O)NNC(C)=O
A-4026,-0.7821270821695658,[Ca++].[O-]C(=O)C1CCC(=O)N1
A-4029,-0.6491500387703116,CN(C)CCOC(=O)C=C
A-4030,-0.43035425328443627,CC1COC(=O)O1
A-4039,-0.5921602483610454,[Cs]
A-4040,-1.1662040581086166,CC(C)(CO)COC(=O)C(C)(C)CO
A-4043,-0.3824141196145088,NNC(=O)NN
A-4045,-1.0728281862327078,[Na+].CC(=O)[C-]1C(=O)OC(=CC1=O)C
A-4061,-2.2996203424242667,N[C+](N)N.[O-]C(=O)c1ccccc1
A-4064,-0.9641873505137895,[Na+].[O-]C(=O)COc1ccccc1
A-4076,-1.72076331406719,[H+].[Cl-].NCC1(CCCCC1)CC(O)=O
A-4078,0.13106824481936424,[H+].[Cl-].NC(N)=N
A-4083,-1.4207262511110896,[Na+].Nc1ccc(cc1)[S]([O-])(=O)=O
A-4084,-0.4297874294543709,C1OCOCO1
A-4086,-0.8369962359997081,[Mn++].O[P]([O-])([O-])=O
A-4087,-1.1530728939183483,O.[Zn++].[O-][S]([O-])(=O)=O
A-4088,-0.6277597310753867,[Na+].[Na+].[O-][Si]([O-])=O
A-4097,-0.5713246731151332,Cc1[nH]cnc1CO
A-4099,-0.7345777278080866,[K+].O[P](O)([O-])=O
A-4100,-0.2445983603186984,C=CC=O
A-4104,-0.613210705685192,[NH4+].[O-][Cl](=O)(=O)=O
A-4106,-0.4255159235249038,CC(=C)C(N)=O
A-4114,-0.11978006995249073,OCCOCC#CCOCCO
A-4202,0.21225024641211365,CC(O)C(=O)N(C)C
A-4203,0.230682843232447,[NH4+].OCC([O-])=O
A-4216,-1.7247750037672198,[Cl].COc1cc(CN)ccc1O
A-4221,-0.06402940138255651,CC(O)CN.OC(=O)CC(O)(CC(O)=O)C(O)=O
A-4223,-0.7149544096527843,Cc1c(O)cccc1O
A-4224,-0.45462206837477076,CC(C)(O)C=C
A-4225,-1.0725159308619734,[Li+].[Li+].[O-]C(=O)CCCCC([O-])=O
A-4240,-0.3046764300486821,C/C=N/O
A-4241,0.12179162605262654,[Li+].[Br-]
A-4244,-1.7377357516657712,[Na+].[Na+].[O-][S](=O)[S]([O-])=O
A-4246,-0.38508558255664593,C\C=C/C=O
A-4248,-0.40088681539797455,CC1OC1C
A-4269,-0.4528523869512067,[Na+].[Na+].[SH-]
A-4270,-3.2694760368353606,[Ni++].CC([O-])=O.CC([O-])=O
A-4271,-1.6965807380126507,OC(C(F)(F)F)C(F)(F)F
A-4276,-0.916457627919219,[Ca++].[O-]C=O.[O-]C=O
A-4277,-1.1644681937421306,CC(=O)OCCOC(C)=O
A-4296,-0.9909259212027142,CCN(CC)CC(C)O
A-4301,-0.47322208251639575,CC(N)=S
A-4303,-1.0808003284673584,COCC(C)OC(C)=O
A-4323,0.04394674285097201,NC(N)=N.SC#N
A-4349,-1.357123358750572,COCCOC(=O)C=C
A-4351,-0.6727809475159876,CN(C)C(N)=O
A-4359,-1.4148346900648145,CC1(C)NC(=O)NC1=O
A-4386,-0.06242048531579912,[Cu++].[O-][N+]([O-])=O.[O-][N+]([O-])=O
A-4392,0.10987865298028858,[nH]1cccn1
A-4416,-1.3031468423972572,C=CCOCC1CO1
A-4427,-0.02356559809051695,[La]
A-4450,-0.8973615768443645,CCC(C)(C)O
A-4451,-0.2165171601693438,[Rh+3].[O-][N+]([O-])=O.[O-][N+]([O-])=O.[O-][N+]([O-])=O
A-4453,-0.724651171032366,NC(N)=S
A-4458,0.0015123253022956585,Oc1cccc(O)c1
A-4463,-0.9336601069827976,CC(C)=CC=O
A-4464,-0.17906104009774376,[Li+].[OH-]
A-4480,-0.12771984035792786,COC1OC(CO)C(O)C(O)C1O
A-4483,-0.10909211614122168,OCC#CCO.ClCC1CO1
A-4484,-1.0451246091805426,CC1CCOC1
A-4485,-0.1900159280864714,[Cr+3].[O-][N+]([O-])=O.[O-][N+]([O-])=O.[O-][N+]([O-])=O
A-4486,-2.2601809609281096,CC(O)SC=C
A-4489,-0.6317098313976158,C[N+]([O-])=O
A-4490,-0.31334819354970017,[Sm+3].[O-][N+]([O-])=O.[O-][N+]([O-])=O.[O-][N+]([O-])=O
A-4492,-1.776452341356457,CCC(C)(O)C#C
A-4495,0.019186594290059863,COCCOC
A-4496,0.023250201790520696,C1COCCO1
A-4498,0.0016392957503980543,CN1CCCC1=O
A-4499,0.05318659593741342,CNC(N)=O
A-4500,-0.03954449700918323,OCCSCCO
A-4501,-0.1690936456532068,O.OC(=O)CC(O)(CC(O)=O)C(O)=O
A-4503,-0.011352469367386351,OCCOCCO
A-4504,-0.15313849624301532,CC(=C)C(=O)OCCN1CCNC1=O
A-4505,-0.0896643550514424,[H+].[Cl-].CN(C)C(C)(C)CO
A-4507,-0.007743381185880622,NCCNCCO
A-4508,-0.034396220623004264,CN(CCO)CCO
A-4509,-0.08438636759923175,OCCOCCOCCO
A-4510,-0.0828831210007236,OCCN(CCO)CCO
A-4511,0.039068369122658195,OCCCl
A-4512,0.02949108399211265,OC(=O)CC#N
A-4513,-0.02913825850579888,OCCOC(=O)C=C
A-4514,0.06003974113738093,CC(O)C#N
A-4515,0.03145333029074448,CC(C)(O)C#C
A-4516,0.05532135779782257,CC(C)(C)N
A-4517,0.05309651118005805,CC(C)(C)O
A-4518,0.013222884178557921,Cc1ccccn1
A-4519,0.04420600359077572,OCCS
A-4520,-0.0059171666427962856,CN(C)CCCO
A-4521,-0.18237905296231285,CO[S]([O-])(=O)=O.C[n+]1ccn(C=C)c1
A-4522,-0.11975296345122023,Oc1ccc(cc1)[S](O)(=O)=O
A-4523,-0.07513940628225473,OCCCCOC(=O)C=C
A-4524,0.025253485904898235,CN(C)C(C)=O
A-4525,0.0035935824427287587,CC(NC=O)C#N
A-4526,0.05532135779782257,CCNCC
A-4527,0.05542127302435305,CNC(C)=O
A-4528,0.13539830481913787,C1CN1
A-4529,0.019186594290059863,CCC(O)CO
A-4530,0.019186594290059863,C[C@@H](O)[C@H](C)O
A-4531,0.0015559067074724484,NC1CCCCC1
A-4532,0.09460887782609838,NC1CC1
A-4533,-0.047474216068066975,ClC(=O)C(Cl)=O
A-4534,0.12917151467590307,NC=O
A-4535,0.00742555494749486,C[S](O)(=O)=O
A-4536,-0.03600332326855677,COC(=O)COCO
A-4537,0.12598635018632603,CNN
A-4538,-0.00022060269980961073,O=C1CCCCO1
A-4539,-0.007736007163873453,CCCC(O)CO
A-4540,-0.007736007163873453,OCCCCCO
A-4544,0.05308750434755001,CC(N)CN
A-4545,0.053195606055882305,CCC(O)=O
A-4546,-0.13551093508539294,[Na+].[O-]C(=O)C(Cl)(Cl)Cl
A-4548,-0.31420278610434027,[I-].CCCC[N+](C)(CCCC)CCCC
A-4549,-0.02548308217422638,OC(=O)C(F)(F)F
A-4620,-0.2818884569424102,NCC(F)F
A-4770,-0.5780868762254063,[Mg++].O[P]([O-])([O-])=O
A-4967,-0.22685047286143994,[Cl-].C[N+](C)=CCC(O)CC(N)=O
A-4972,-0.35331913088110295,Cc1cccc(C)c1NC(=O)C[NH+]2CC[NH2+]CC2
A-4973,-1.2936120124650496,[Na+].[Na+].[Na+].OC([O-])=O.[O-]C([O-])=O
A-4994,-0.29203589127464086,[H+].[Cl-].NNC(=O)C(N)CO
A-5025,-0.4156330469939446,[H+].[Cl-].OC(=O)C1CCNCC1
A-5111,-0.1416101070139065,[Zn++].[O-][N+]([O-])=O.[O-][N+]([O-])=O
A-5113,-0.38212882798690073,[Br-].CCCC[P+](CCCC)(CCCC)CCCC
A-5115,-0.011250638620831484,NC(CO)CO
A-5117,-0.2345987286055174,O.O.O.O.[Cl-].[Cl-].[Mn++]
A-5118,-0.10202760653856434,NC(CO)(CO)CO
A-5119,-0.22533905820560685,[Br-].CC[NH+](CC)CC
A-5122,-0.4059762375276384,CO[S]([O-])(=O)=O.C[N+](CCO)(CCO)CCO
A-5124,-0.6521523532960678,[Na+].[Na+].CCCCCCCCCCCCCCCCc1c(Oc2ccccc2[S]([O-])(=O)=O)cccc1[S]([O-])(=O)=O
A-5125,-0.3376170962250502,[NH4+].[NH4+].[O-]C(=O)CSSCC([O-])=O
A-5126,-1.272935223610032,OCCCOCC(OCCCO)C(OCCCO)C(OCCCO)C(COCCCO)OCCCO
A-5128,-1.7724227543438944,[Na+].[Na+].Nc1ncnc2n(cnc12)[C@@H]3O[C@H](CO[P](O)(=O)O[P]([O-])(=O)O[P](O)([O-])=O)[C@@H](O)[C@H]3O
A-5129,-0.5049300603114114,[Na+].[Na+].CN(CC(O)=O)C(N)=N[P]([O-])([O-])=O
A-5131,-0.49884457562872064,[Na+].OC[C@@H](O)[C@@H](O)[C@H](O)[C@@H](O)[C@@H](O)C([O-])=O
A-5132,-0.36701094157520986,[Na+].[Na+].[O-]C(=O)CCC(=O)C([O-])=O
A-5133,0.1840383637595865,NCCCCCCCCCCN
A-5135,-1.0911643655552454,[Na+].[Na+].CC(C)CCCCCCCO.OC(=O)CC(C(O)=O)[S](O)(=O)=O
A-5136,-0.4294973829637293,[Na+].[Na+].N[C@@H](CCC([O-])=O)C([O-])=O
A-5138,-0.07957898759929855,CC1CO1
A-5145,0.11628634632051063,CC(O)C(=O)NCCO
A-5147,-0.41030287663374393,OCC1CCCO1
A-5154,-0.7294410878370766,CC(=O)CC(C)=O
A-5155,-1.5631702245502217,COC(=O)CC(=O)OC
A-5157,-0.15078560690254328,[Na+].OC[C@@H](O)[C@@H](O)[C@H](O)[C@@H](O)C(O)C([O-])=O
A-5160,-0.027508842381314222,CN(C)C(=N)N(C)C
A-5161,-0.10825397117585316,OCC(O)COC(=O)CS
A-5162,-0.14770889367933604,OCCOCCOCCOCCO
A-5163,-0.032699794865476896,CC(CCO)CCO
A-5164,-0.10678276407535074,CC(O)=O.OCCNCCO
A-5166,0.17443209530776177,CO
A-5167,-0.16790569308161682,CC(O)=O.OCCN(CCO)CCO
A-5176,-0.3415732073501745,[Zn++].CCCCC(CC)C([O-])=O.CCCCC(CC)C([O-])=O
A-5190,-0.044996437831278865,CCC(N)(CO)CO
A-5191,-0.3989322780307873,O[Cr](=O)(=O)O[Cr](O)(=O)=O.c1ccncc1.c2ccncc2
A-5193,-0.05109507216010842,[NH3+][C@H]1CCCC[C@H]1[NH3+]
A-5194,-0.020574399534438927,[Na+].[O-]CCS
A-5196,-0.29626477551713254,CN(C)Cc1cc(CN(C)C)c(O)c(CN(C)C)c1
A-5197,-0.17089752838682296,[Cs+].OC=O
A-5198,-0.17332600734545336,OC(=O)COCCOCC(O)=O
A-5199,-0.10129383944479578,COCNC(=O)C(C)=C
A-5201,-0.6961595978644497,[Na+].[Na+].[Na+].[Na+].[Na+].[O-]C(=O)CN(CCN(CC([O-])=O)CC([O-])=O)CCN(CC([O-])=O)CC([O-])=O
A-5202,-0.24062301820761564,CCCCNC1CC(C)(C)NC(C)(C)C1
A-5203,-0.3939497301189256,NC(N)=O.OC[P+](CO)(CO)CO.O[S]([O-])(=O)=O
A-5205,-0.23308472002945962,[Na+].[Na+].[O-][Si](=O)O[Si]([O-])=O
A-5206,-0.053229879827344895,CC(C)(C)OO
A-5208,-0.44143998670415674,O.O.O.O.O.O.[Co++].[O-][N+]([O-])=O.[O-][N](=O)=O
A-5209,-0.37149679788821216,[Cl-].NC(N)=O.OC[P+](CO)(CO)CO
A-5210,-0.6757312062572973,CC(O)CN(CC(C)O)C(=O)CCCCC(=O)N(CC(C)O)CC(C)O
A-5211,-0.12210048224598713,OC(=O)CCS
A-5213,-0.23850760035058988,[H+].[Cl-].COC(=O)C(N)CO
A-5214,-0.1860651005996938,CC1(C)COC(=O)C1O
A-5216,-0.32196832488387145,CN(C)CCOCCN(C)CCO
A-5217,0.050965248768441704,NC#N
A-5218,-0.19822188806572363,NCCN1CCNC1=O
A-5225,-1.1372149955087012,[Cl-].CC(C)(C)CC(C)(C)c1ccc(OCCOCC[N+](C)(C)Cc2ccccc2)cc1
A-5226,-0.4040342963586344,CC(C)(CO)[C@@H](O)C(=O)NCCCO
A-5227,-0.7845922790689893,CN(C)CCCN1CN(CCCN(C)C)CN(CCCN(C)C)C1
A-5228,-0.18476068748874233,[Cr].CC([O-])=O
A-5230,-0.3795298897637124,CC(O)CN(CC(C)O)CC(C)O
A-5231,-0.3591729047218815,[Cl-].NCCCC[C@H](N)C(O)=O.[H+]
A-5232,-0.4701939506910731,[Na+].CC(C)(C[S]([O-])(=O)=O)NC(=O)C=C
A-5233,-0.24302872303986478,CC1(O)CC(C)(O)OO1
A-5234,-0.4778444366168839,NCCNCCNCCNCCNCCN
A-5235,-0.5000499986889988,CN(C)CCCNC1CC(C)(C)NC(C)(C)C1
A-5236,-0.5280852913071115,[Ni++].O[P](O)([O-])=O.O[P](O)([O-])=O
A-5237,-0.7511092535480476,[Na+].CC(C)COC(=O)CC(C(=O)OCC(C)C)[S]([O-])(=O)=O
A-5238,-0.9600866914916862,[Na+].CC(C)CC(C)OC(=O)CC(C(=O)OC(C)CC(C)C)[S]([O-])(=O)=O
A-5239,-0.47760298573923354,[Na+].CCCCC(CC)CO[S]([O-])(=O)=O
A-5240,-0.1448305400494631,[Na+].CCC([O-])=O
A-5242,-0.8032762832499695,Cc1ccc(cc1)[S](O)(=O)=O.CC2(C)CC(N)CC(C)(CN)C2
A-5243,-0.14564287165123688,[Na+].[O-]C(=O)C=C
A-5244,-0.21953483604714366,[OH-].C[N+](C)(C)CCO
A-5246,-0.32043019287003066,CC(CCN)CC(C)(C)CN
A-5247,-0.5418060294115506,[Na+].CCCCCCCCO[S]([O-])(=O)=O
A-5251,-0.8474446649466232,[Na+].CCCCCCC(CCCC)CO[S]([O-])(=O)=O
A-5255,-0.9627209880057722,[Li+].CCCCCCCCCCCCO[S]([O-])(=O)=O
A-5256,-0.9872131508948653,[Na+].CCCCCCCCCCO[S]([O-])(=O)=O
A-5258,-0.11026119391705784,CCCCCCCC\C=C/CCCCCCCC(=O)N(C)CC(O)=O.OCCN(CCO)CCO
A-5260,-0.22474184417869358,OCC(O)=O
A-5261,-0.5884013409960077,[H+].[Cl-].CN(C)C(=N)N=C(N)N
A-5267,-0.015806676209033456,CCCC(CCC)CCCC1COCCN1CCO
A-5268,-0.7196763183145481,[Na+].CNCC[S]([O-])(=O)=O
A-5274,0.07094254149153668,O[C@@H]1CO[C@@H]2[C@@H](O)CO[C@H]12
A-5276,0.07006440599464277,NCc1ccc(CN)cc1
A-5277,0.02530251274425723,COC1COC2C(COC12)OC
A-5290,-0.295554099797115,[Cl-].COC[P+](c1ccccc1)(c2ccccc2)c3ccccc3
A-5291,-0.31073916415615593,[NH4+].[Cl-].[Cl-].[Cl-].[Cl-].[Au+3]
A-5293,-0.022835882801212935,[Ca++].[O-][PH]([O-])=O
A-5295,-0.2664609227433045,N.N.N.N.[Pd++].CC([O-])=O.CC([O-])=O
A-5299,-0.032015432769375136,CC(CO)(CO)C=O
A-5300,-0.27253213558716183,NCCNCCNCCN.NCCN(CCN)CCN
A-5301,-0.3748899947338834,NCCNCCNCCNCCN.NCCNCCN(CCN)CCN
A-5303,-0.004088589231653155,CN(C)CCCN
A-5304,-0.14426024339877216,[Cl-].CCN(CCC[NH+](C)C)C#N
A-5305,-0.07826452372799285,CCC1(CO)COCOC1
A-5308,-0.04953940013673437,CN1CCCN(C)C1=O
A-5310,-0.07206824292490895,OCC1CN2CCN1CC2
A-5311,-0.02578116531999718,CN1CCN(C)CC1
A-5312,-0.08136902384723689,CCOCCOCCOC
A-5313,-0.02396791925712079,CCN1CCCC1=O
A-5314,-0.052772599199435076,OCCCOC(=O)C=C
A-5315,0.03567987783547818,Cn1ccnc1
A-5316,-0.21459472184682932,CC(O)CN(CCCN(C)C)CCCN(C)C
A-5317,-0.007743381185880622,NCCOCCN
A-5318,-0.1850218735445115,COCCOCCOCCOCCOC
A-5319,-0.1255042281037675,COCCOCCOCCOC
A-5320,-0.02750186382033361,CC1CNCC(C)O1
A-5323,-0.08898483640427614,NCCO.OC(=O)CS
A-5324,-0.0781965390000208,CC(CCC(O)=O)C(O)=O
A-5325,-0.05591600864556304,OC(=O)CC(=O)C(O)=O
A-5326,-0.10821756704331098,OCC(O)COCC(O)CO
A-5327,-0.23674656799328445,Cl.CC1=C(CCCl)C(=O)N2CCCCC2=N1
A-5328,-0.3863315450394594,OCN1C(NC(=O)NCNC(=O)NC2N(CO)C(=O)NC2=O)C(=O)NC1=O
A-5329,0.01721451647044537,NCC(O)CO
A-5331,0.03567987783547818,Cc1[nH]ncc1
A-5332,-0.002077690373784499,CC(=O)CC(N)=O
A-5333,-0.0325483313979022,OCC1COC(=O)O1
A-5334,-0.0511591490228564,CC(=O)N1CCOCC1
A-5335,-0.1875801897521647,OCCOCC(COCCO)OCCO
A-5336,-0.01764307196879228,[Cl-].C[N+](C)(C)C
A-5337,-0.0511591490228564,CN(C)C(=O)CC(C)=O
A-5338,-0.052851144586639226,CN(C)CCCNC=O
A-5340,0.08942738394727356,CNC=O
A-5342,-0.016835645507112352,[NH4+].[O-]C(=O)CS
A-5344,-0.5578279006590446,OCCN(CCO)CCO.OCCN(CCO)CCO.OC(=O)CCCCCCCCCCC(O)=O
A-5345,-0.07681617580224945,CN(CCCN)CCCN
A-5346,-0.11139022161593495,[Cl-].[Cs+]
A-5347,-0.08398656948440622,[OH-].[Cs+]
A-5348,-0.49897802459163376,[Ca++].OCC1OB(O)OC1C(O)C(O)C([O-])=O.OCC2OB(O)OC2C(O)C(O)C([O-])=O
A-5349,-0.1338726783337053,NCCO.NCCO.OC(O)=O
A-5350,-0.35512455950191807,[Cs+].[Cs+].[O-][S]([O-])(=O)=O
A-5351,-0.1353315882536445,[K+].OC(=O)CCCCC(O)=O
A-5352,-0.7656250573028438,[Na+].[Na+].CCN(Cc1cccc(c1)[S]([O-])(=O)=O)c2ccc(cc2)N=Nc3ccc(N=Nc4cccc(c4)[S]([O-])(=O)=O)c5ccccc35
A-5353,-0.4995077469788102,[Na+].[Na+].Nc1ccc(NNC2=C3C(=O)C=C(C=C3C=CC2=N)[S]([O-])(=O)=O)c(c1)[S]([O-])(=O)=O
A-5354,-0.20043608182432016,CC(=O)OCCOCCOCCOC(C)=O
A-5355,-0.11548422210061572,CCOC(=O)N1CCC(=O)CC1
A-5356,0.02311225131420463,CCC[NH2+]CC
A-5357,-0.1835863180549199,[Cl-].[Cl-].[Cl-].[In+3]
A-5359,-0.7490803736933501,NC(=O)c1ccc[n+](c1)C2OC(CO[P]([O-])(=O)O[P](O)(=O)OCC3OC(C(O)C3O)n4cnc5c(N)ncnc45)C(O)C2O
A-5361,-0.02569702494604718,O=C1CCCCCO1
A-5362,0.027368892549865204,O=C1CCCO1
A-5363,0.029308824044704203,C1CCNCC1
A-5364,0.0053562969250619315,[K+].[S-]C#N
A-5365,-0.3011567178281398,[K+].[O-][P](=O)(OCc1ccccc1)OCc2ccccc2
A-5367,0.09736696988900699,OCC#C
A-5368,0.048691850447360914,OCCCO
A-5370,-0.016796124584145283,OCc1cccnc1
A-5371,-0.10825105896475916,[Na+].CCCCC(CC)C([O-])=O
A-5372,-0.6213784633649773,[Na+].COCCOCCOc1cc(Nc2c(C)cc(C)c(c2C)[S]([O-])(=O)=O)c3C(=O)c4ccccc4C(=O)c3c1N
A-5373,-0.13937616485368343,[Na+].CCOC(=O)c1ccc([O-])cc1
A-5374,-0.1665484415764446,[Na+].CCO[P]([S-])(=S)OCC
A-5375,-0.23817974912187834,[Na+].CC(C)CO[P]([S-])(=S)OCC(C)C
A-5376,0.0378697471764312,[Na+].[S-]C#N
A-5379,-0.05291658786168782,CC(C)COC(C)(C)C
A-5380,-0.20683152370654126,C[N+](C)(C)C.OC(=O)c1ccccc1C([O-])=O
A-5381,0.017126981884333092,[OH-].C[N+](C)(C)C
A-5382,-0.7919603019717949,[Na+].[Na+].[Na+].Cc1cc(N\N=C\2C=CC(=O)C(=C2)C([O-])=O)c(OCCC[S]([O-])(=O)=O)cc1N=Nc3ccc(cc3[S]([O-])(=O)=O)[N+]([O-])=O
A-5383,-0.2270199012513004,[Zn++].[O-][P]([O-])([O-])=O.[O-][P]([O-])([O-])=O
A-5407,-0.6700094100168819,CCCCCCCCCCCCc1ccccc1[S](O)(=O)=O.CC(C)(N)CO
A-5408,-0.7971506596885511,OC(=O)\C=C/C(=O)OCCOCCOCCOC(=O)\C=C/C(O)=O
A-5429,-0.10452811626872427,ClCCCN1CCOCC1
A-5431,-0.2633452788562641,[Y+3].[O-][N+]([O-])=O.[O-][N+]([O-])=O.[O-][N+]([O-])=O
A-5437,-1.2397975567910773,CCCCCCCC(=O)NCCCC[C@H](N)C(O)=O
A-5440,-0.5213224935915908,[Na+].[Na+].[Na+].[O-]O[P]([O-])(=O)CC([O-])=O
A-5445,-0.34280625117189056,FC(F)(F)[S](=O)(=O)N[S](=O)(=O)C(F)(F)F
A-5483,-0.5905424196840765,COc1ccc(cc1)C(CN(C)C)C2(O)CCCCC2
B-5,0.019282495761731803,CC(O)C(O)=O
B-31,-2.744727494896694,S=[P](N1CC1)(N2CC2)N3CC3
B-34,-0.44405956218148884,NC(CS)C(O)=O
B-40,-0.10248287059947464,CN1CCC[C@H]1c2cccnc2
B-47,0.041629508475137716,NCCCC(O)=O
B-50,-0.5304725208129861,Nc1ncnc2n(cnc12)C3OC(CO[P](O)(=O)O[P](O)(=O)O[P](O)(O)=O)C(O)C3O
B-56,-0.07826151631540132,NCCCCC(N)C(O)=O
B-58,-0.11673614041502603,OCC(O)CO[P](O)(O)=O
B-61,0.08675123124205673,CN(C)N
B-64,-0.1970211446647382,OC[C@@H](O)[C@@H](O)[C@H](O)C(=O)CO
B-65,-0.10358402352687705,OC[C@H]1O[C@H](O[C@]2(CO)O[C@H](CO)[C@@H](O)[C@@H]2O)[C@H](O)[C@@H](O)[C@@H]1O
B-66,0.048674814992229434,CC(O)CO
B-80,-0.12551818230053352,CCN(CC)C(=O)c1cccnc1
B-83,-0.6561976668383449,[Cl-].Cc1ncc(C[n+]2csc(CCO)c2C)c(N)n1
B-88,-0.23299263605019596,OCC1OC(O[P](O)(O)=O)C(O)C(O)C1O
B-89,-0.02914194300349769,O=NN1CCOCC1
B-95,-0.23254728190222684,NCCCCCC(O)=O
B-97,0.1988769272435529,CC(N)=O
B-107,-0.6103024517936143,CC(C)(N)C(O)=O
B-110,0.01919940105528799,[Na+].[O-]C(=O)CF
B-112,-0.09199779882744634,COC(=O)C1=CCCN(C)C1
B-122,-0.4088240496882086,[H+].[Cl-].Cc1ncc(CO)c(C=O)c1O
B-126,-0.32257556229875256,Cc1ncc(CO)c(C=O)c1O
B-131,0.09201847075279702,CC(C)=O
B-132,0.044226077112682574,C[S](C)=O
B-140,-0.4464810598510304,OCC1OC(OC2C(O)C(O)C(O)OC2CO)C(O)C(O)C1O
B-150,-0.02204787879853805,[Na+].CC(O)C([O-])=O
B-167,0.1954014495202189,C#N
B-171,0.12904505988795806,CCN
B-174,-0.2389747482886274,ON=C
B-176,0.13225968953104458,C1CO1
B-181,0.08930445184787068,CC(C)N
B-183,0.09461086303213702,CC1CN1
B-184,0.06490702715963612,C[As](C)(O)=O
B-190,0.029383777685209667,CC(C)(O)C#N
B-196,-0.2632052450756393,CC(Cl)(Cl)C(O)=O
B-199,-0.0533021627542581,OC(=O)C(F)(F)Cl
B-208,0.1667556386652376,CC(C)(CO)[N+]([O-])=O
B-219,-0.11215773489264291,CC(CO)(CO)[N+]([O-])=O
B-227,-0.05933412752417117,CCC(CO)(CO)CO
B-242,0.05534009954418145,CC(C)CN
B-249,0.05088221066402948,CC(O)CN
B-251,0.04147164061374719,OC(=O)CBr
B-255,0.048791273848409714,CC(=O)OO
B-257,-0.05080522576201778,OC(=O)C(Cl)Cl
B-259,-0.18104868835982724,CC(C)(CO)C(O)C(=O)NCCC(O)=O
B-280,0.09940437234554243,O[S](=O)(=O)c1cccc2C(=O)c3cccc(c3C(=O)c12)[S](O)(=O)=O
B-290,-0.743763466794077,O[P](O)(=O)O[C@H]1[C@H](O[P](O)(O)=O)[C@@H](O[P](O)(O)=O)[C@H](O[P](O)(O)=O)[C@@H](O[P](O)(O)=O)[C@H]1O[P](O)(O)=O
B-318,-0.2187474057515436,Oc1cccc(O)c1O
B-337,-0.47521455067877766,OCC(O)C(O)C1OC(=O)C(O)C1O
B-346,-0.2839131462251679,OCC1OC(=O)C(O)C(O)C1O
B-350,-0.15174928532295756,c1ccc2nccnc2c1
B-359,-0.4221636587072559,Nc1ccc2cc3ccc(N)cc3nc2c1
B-391,0.021147935720994666,CCC(N)CO
B-392,-0.01931502563668533,OCC(O)CCl
B-393,-1.2225731776106885,CC\C(C)=N\O
B-395,-0.6842395093342654,CC1CCCO1
B-408,-0.03263926003405027,CCOC(=O)C(C)O
B-413,0.003589767189139866,OCc1occc1
B-424,-0.04963514562387693,OC(=O)c1ccccn1
B-437,-0.031003673351687727,CCN(CC)CCO
B-441,-0.9476909003526766,N#Cc1cccnc1
B-444,-0.029234840219232318,OCC1CCCCO1
B-445,-0.027519450123524115,CCN1CCOCC1
B-457,-0.27245874297144357,CC(O)CN(CCN(CC(C)O)CC(C)O)CC(C)O
B-465,-0.03782014709123221,CNCc1ccccc1
B-471,-0.2546128786799912,Cc1ccc(cc1)[S](O)(=O)=O
B-478,-0.05606053552778356,OCC1CCC(CO)O1
B-486,-0.19784224681303847,COC(=O)CC(C)=O
B-502,-0.05933412752417117,CC(O)COC(C)CO
B-515,0.09461086303213702,NCC=C
B-517,0.08675123124205673,NCCN
B-518,0.09201847075279702,OCC=C
B-520,0.08174324992272115,OCCO
B-521,0.09212386924425069,O=CC=O
B-525,-0.04614370177501413,OCC[S](O)(=O)=O
B-526,-0.032686081712916516,CC(O)CC(C)(C)O
B-527,-0.0687455935835865,CC(C)O[P](C)(F)=O
B-529,-0.26978315943130604,CCO[P](=O)(OCC)O[P](=O)(OCC)OCC
B-533,-0.4780777551164996,COC(C)(C)CC(C)=O
B-536,0.01919940105528799,CC(O)CCO
B-537,0.023252459633711444,CC(O)CC=O
B-538,-0.7228493860362033,NC(=O)CC#N
B-542,-0.27794222866853585,CNCC(O)=O
B-544,0.021147935720994666,CN(C)CCO
B-549,-1.1536628878701947,CC(=O)OC(C)=O
B-563,0.013216539624440542,Cc1ccncc1
B-566,0.013216539624440542,Cc1cccnc1
B-567,-0.002176919254274547,CN1CCOCC1
B-569,-0.1953154850930596,CC1CNCCN1
B-570,0.011274328904724979,Cc1cnccn1
B-581,0.05534009954418145,CCCCN
B-582,0.060055364824844824,OCCC#N
B-585,0.048674814992229434,NNCCO
B-586,0.048674814992229434,COCCO
B-597,-0.03263926003405027,COCCOC(C)=O
B-601,0.025182934335449245,CCCCCN
B-608,0.01919940105528799,CCOCCO
B-609,0.027268042466618694,C1CNCCN1
B-611,0.025264892154507956,C1COCCN1
B-615,-0.3074174377250909,OC(=O)COCC(O)=O
B-618,-0.5660702343915359,CCOCCOC(C)=O
B-623,-0.005946936412324747,NCCNCCN
B-633,-0.03607057797344153,COCCOCCO
B-637,-0.05933412752417117,CCOCCOCCO
B-645,-0.10242788617426937,CCCCOCCOCCO
B-646,-0.10535169620648291,COCCOCCOCCO
B-647,-0.10242788617426937,CCOCCOCCOCC
B-648,-0.12551818230053352,CCOCCOCCOCCO
B-661,-0.09039048950983113,CN(C)[P](F)(=O)N(C)C
B-663,-0.009572341514736488,CC(N)(CO)CO
B-665,-0.74521031260279,CCC(CC)(CO)CO
B-672,0.053193727600869684,CC(=O)CO
B-673,0.05766610390982921,COC(C)=C
B-675,-0.09642170633694563,CC1(C)N(CO)C(=O)NC1=O
B-679,-0.5897290357478155,O[S](=O)(=O)c1cccc2C(=O)c3c(cccc3[S](O)(=O)=O)C(=O)c12
B-694,-0.17056756638240134,CC(C)n1nc(C)cc1OC(=O)N(C)C
B-696,-1.0065637695023884,CCCCN(CCN(CCCC)C(=O)N1CCOCC1)C(=O)N2CCOCC2
B-707,-0.20802879897923207,[nH]1cnc2ncncc12
B-728,-0.029234840219232318,CC(=O)CC(C)(C)O
B-732,-0.032686081712916516,CC(O)CNCCN
B-735,-0.3711004355793933,OC(=O)CSCC(O)=O
B-742,-0.5813673126459346,C[As](O)(O)=O
B-743,-0.4921441283041691,[Cl-].OC[P+](CO)(CO)CO
B-744,0.021147935720994666,CC(C)(N)CO
B-756,0.048791273848409714,NC(=O)NO
B-757,0.023334782538308847,CC(=O)C(O)=O
B-791,-0.500450374094851,[H+].[Cl-].NC(CCC(O)=O)C(O)=O
B-794,-0.4934949675951279,NCc1ccc(cc1)[S](N)(=O)=O
B-801,-0.05774384958053509,CC[NH+](CCO)CCO
B-816,-0.20418947533259169,CO[P](=O)(OC)OC(/C)=C/C(=O)N(C)C
B-819,-0.06288348923294615,OC(=O)CC(O)=O
B-822,0.00936589834624468,O=C1NC=CC=C1
B-823,-0.005814871797682864,CC(=O)NCCO
B-828,-0.38594689401278065,[H+].[H+].[Cl-].[Cl-].C1CNCCN1
B-832,-0.16399254087446855,CCCCOCCOCCOCCO
B-834,-0.8158766457603289,[Na+].CCC(C)C1(CC)C(=O)NC(=O)[N-]C1=O
B-837,-0.43050904565121695,[Na+].[Na+].C[As]([O-])([O-])=O
B-838,0.04442215571184301,OC(=O)CF
B-841,-1.1739251972991736,CC(O)C(N)C(O)=O
B-842,-0.08428366205400624,O[C@@H]([C@H](O)C(O)=O)C(O)=O
B-851,-1.0390538042661686,[Na+].[Na+].[O-]C(=O)CCC([O-])=O
B-852,0.018534070428183193,[K+].[C-]#N
B-854,-0.26496029496627915,CN(C)[P](=O)(O[P](=O)(N(C)C)N(C)C)N(C)C
B-877,-0.21946667468359565,C1CN2CCN1CC2
B-879,-0.4171415377755007,o1cccn1
B-880,0.03996902686746079,c1ccnnc1
B-881,0.03996902686746079,c1cncnc1
B-884,-0.2812492652603348,CCN(CC)C(=O)/C(Cl)=C(/C)O[P](=O)(OC)OC
B-887,0.027349607774756507,C1OC1C2CO2
B-893,-0.2156680519778517,CC[S](=O)CCS[P](=O)(OC)OC
B-894,0.17440873207312224,NN
B-900,-0.3996806702483389,[Na+].[K+].O[C@H]([C@@H](O)C([O-])=O)C([O-])=O
B-925,-1.138465589140962,Cn1cncc1C[C@H](N)C(O)=O
B-927,0.07678603350807921,OCCF
B-930,-0.5094796906366512,CC(O)C(F)(F)F
B-932,0.00757709830433868,OC(=O)C(F)F
B-946,-0.1526124489726046,OC(=O)Cc1cc(O)ccc1O
B-948,0.023252459633711444,OC1CCOC1
B-954,0.011274328904724979,Nc1cccnc1
B-979,-1.9244530386074692,OC[C@H]1O[C@@H](O[C@@H]2OC=C[C@H]3[C@H](O)C=C(CO)[C@@H]23)[C@H](O)[C@@H](O)[C@@H]1O
B-993,-0.1881569938235227,CN1C[C@@H]2C[C@@H](C1)C3=CC=CC(=O)N3C2
B-1004,-0.3533022687006655,OC[C@H]1O[C@H](O)[C@H](O)[C@@H](O)[C@@H]1O
B-1006,-0.10248287059947464,C1CC[C@H](NC1)c2cccnc2
B-1007,-0.06884736147670671,OCc1cc(O)ccc1O
B-1012,-0.05606053552778356,CC1OCCO1
B-1017,-0.10818388047513953,C\C(=C\C(O)=O)C(O)=O
B-1025,0.09201847075279702,C1COC1
B-1027,0.027349607774756507,C\C=C/C(O)=O
B-1030,-0.010683695010048563,Nc1ccccn1
B-1050,-0.36673358884457546,CC(=C)CO
B-1054,0.023252459633711444,CC(O)C(C)=O
B-1060,-0.11935787359571505,CC(C(O)=O)C(O)=O
B-1071,-0.26744542014856787,O[S](=O)(=O)c1ccc2c(cccc2[S](O)(=O)=O)c1
B-1077,-0.3644157336887699,[Na+].OCC(O)C(O)C(O)C(O)C([O-])=O
B-1093,-0.23180603836692845,[Na+].[O-]C(=O)c1ccccc1
B-1100,-0.007755855953228555,CNC(=S)NC
B-1101,0.01919940105528799,COC(C)OC
B-1102,-0.3596179552904315,CCCCC(C(O)=O)C(O)=O
B-1120,-0.04421607108308855,OCCBr
B-1122,0.08675123124205673,CNNC
B-1130,-0.005814871797682864,CC(N)CC(O)=O
B-1131,-0.0039263455147246756,CC(=O)CC(O)=O
B-1144,-0.7104110474574032,[Ba++].CC([O-])=O.CC([O-])=O
B-1147,-0.839831707041488,[Sr++].CC([O-])=O.CC([O-])=O
B-1150,0.011274328904724979,N#CCCCC#N
B-1153,-0.007667440952535675,COC(=O)C(C)O
B-1154,-0.7342390832823894,C=C1CCOC1=O
B-1164,-0.380176499542722,CN1C2CCCC1CC(=O)C2
B-1179,0.053193727600869684,OCC1CO1
B-1183,-0.17076057185861096,O=C1NC=CC=N1
B-1186,-0.6617427697537444,[Zn++].CC([O-])=O.CC([O-])=O
B-1192,-0.7953374882517811,CC(C)(O)CCl
B-1202,0.027349607774756507,C1O[C@@H]1[C@H]2CO2
B-1218,-0.9681877286696297,OC1C(O)C(O)C(O[P](O)(O)=O)C(O)C1O
B-1230,-0.09946901754724413,C1N[C@@H](CC=C1)c2cccnc2
B-1233,-0.7512912643990821,[K+].[K+].[O-]C(=O)C([O-])=O
B-1240,-0.44225225835853177,OC(=O)C\C(=C/C(O)=O)C(O)=O
B-1241,-0.5418155644297372,OCC(O)C(O)C(OC1OC(CO)C(O)C(O)C1O)C(O)CO
B-1242,-0.3319870283581679,OCC1OC(OCC2OC(O)C(O)C(O)C2O)C(O)C(O)C1O
B-1246,-0.016779785351897128,OCc1ccncc1
B-1262,-0.032077793269482596,[K+].[O-]C=O
B-1265,-0.2992097786256531,[Cl-].CC(C[N+](C)(C)C)OC(N)=O
B-1286,-0.08280969148843582,CCC(CO)(CO)[N+]([O-])=O
B-1300,-0.015697768020096675,CC(Cl)C(O)=O
B-1307,-0.13578566953867033,CCC(C(O)=O)C(O)=O
B-1311,-0.2055119533408304,CC(O)Cn1cnc2N(C)C(=O)N(C)C(=O)c12
B-1322,-0.6991872058818831,O[C@H]([C@H](O)[C@H](O)C(O)=O)[C@H](O)C(O)=O
B-1324,-0.29098458302788266,CCOC(=O)C(=O)C(=O)OCC
B-1333,-1.2448877336049289,OCc1ccccc1CO
B-1345,-1.7144426909922261,CCC(O)C=C
B-1346,0.029383777685209667,O=C1CCCN1
B-1348,-0.1672995290394326,CCCC(C(O)=O)C(O)=O
B-1351,-0.22760493891799982,CCCCCC(C(O)=O)C(O)=O
B-1357,-0.5253467466379372,CN(C)c1cccc(c1)[S](O)(=O)=O
B-1367,-0.08740600224789431,OC(=O)Cc1cccc(O)c1
B-1391,0.019282495761731803,COCC(O)=O
B-1392,0.01728382156001779,OCC[N+]([O-])=O
B-1400,0.00936589834624468,O=C1C=CNC=C1
B-1407,-2.0315170514460648,OCCCBr
B-1409,-0.3743789185750923,OCCCCl
B-1429,-0.006079041198713197,OC(=O)C(Br)Br
B-1432,-0.029234840219232318,CN(C)C(=O)N(C)C
B-1449,0.046573197662005336,NC(=O)CF
B-1456,0.053193727600869684,C1COCO1
B-1457,-0.03091039704507848,NCCCCC(O)=O
B-1458,-0.03432802877989328,N[C@@H](CCO)C(O)=O
B-1460,-0.12685384867174432,CN(C)[P](=O)(N(C)C)N(C)C
B-1466,-0.9434762759208997,CCOC(=O)N[C@@H](C=O)[C@@H](O)[C@H](O)[C@H](O)CO
B-1472,-0.016779785351897128,CN1C=CC=CC1=O
B-1492,-0.5292955702772119,CCO[P](=O)(OCC)O[P](=O)(OCC)O[P](=O)(OCC)O[P](=O)(OCC)OCC
B-1503,0.05778017679458176,O=CC1CO1
B-1511,-0.39115317767358837,CCCO[P](=O)(OCC)OCC
B-1515,-0.9013562741829431,[Ca++].[O-][S](=O)(=O)C[S]([O-])(=O)=O
B-1517,-0.10242788617426937,CC(O)CCOCCC(C)O
B-1521,-0.11975822410451964,CC1CC(OC(C)O1)OC(C)=O
B-1533,-0.17037464664195062,CC(=O)NCCNC(C)=O
B-1546,-0.09146136782804058,OCNC(=O)C=C
B-1551,-0.00021720154586423186,O=NN1CCCC1
B-1555,-0.19866490432545342,O=C1CCCCCCCN1
B-1571,0.025182934335449245,CC(C)N(C)C
B-1574,-0.052762392129333584,CC(O)COC(=O)C=C
B-1577,-1.140861702705469,CC1CCC(C)O1
B-1578,-0.016779785351897128,Cc1cc[n+]([O-])cc1
B-1579,-0.016779785351897128,CC1=CC=C[NH++]([O-])[CH-]1
B-1589,0.015108160645837195,C[Si](C)(O)O
B-1600,-0.17314805217935614,CNC(=O)CS[P](=O)(OC)OC
B-1604,-0.05928434309333736,OCCN(CCO)N=O
B-1634,-1.5934598195660448,NCC1CCC(CC1)C(O)=O
B-1657,-0.7734000947926425,NC(=O)c1ccccn1
B-1675,-0.032686081712916516,CCCOCC(C)O
B-1676,-1.8181564120552274,C/C=C/C(C)O
B-1718,-0.037251946641359494,[NH4+].[S-]C#N
B-1769,-0.3392293564723027,CC(C)C(NC(=O)CN)C(O)=O
B-1770,-0.38499738547541174,OCCNC(=O)CCCCC(=O)NCCO
B-1780,-0.7607005208731075,Cc1ncnc2nc[nH]c12
B-1789,-0.02525809549904983,CC(O)C(N)=O
B-1797,-0.31398970868471443,COC(C)C(N)C(O)=O
B-1809,-0.2564902352715702,[Na+].C[As](O)([O-])=O
B-1841,-0.2663213443229121,CNC(=O)CCSCCS[P](=O)(OC)OC
B-1888,-0.5731635461964919,OC(=O)CNC=O
B-1902,-0.5347659050119856,CCC1OCCO1
B-1932,-0.1375108330941029,COC1=COC(=CC1=O)CS[P](=O)(OC)OC
B-1933,-0.27992342723185937,CC(O)([P](O)(O)=O)[P](O)(O)=O
B-1935,-0.3130064337353215,C[C@H]1C[NH2+][C@H](C)C[NH2+]1
B-1938,-0.5424208530042375,CCC(N)C(O)=O
B-1964,-0.4898573005974269,OC(=O)CNCCC#N
B-1970,-0.4873156037828364,NC(=O)NCl
B-1971,-0.6728454875905685,CC(C)C[C@H](N)C(=O)NCC(=O)NCC(O)=O
B-1990,-0.4292236312052518,OCC(O)C(O)C(O)C(O)C(O)CO
B-1996,-0.4264322269607814,CCC(=O)NCCNC(=O)CC
B-2013,-0.19990181982522437,C[C@H](CC(O)=O)C(O)=O
B-2025,-0.04119729660049764,Cc1cc(C)c[n+]([O-])c1
B-2026,-0.015022873584506671,NCc1ccccn1
B-2027,-0.015022873584506671,NCc1ccncc1
B-2037,-0.006079041198713197,C[C@H]([NH3+])C(C)(C)C
B-2051,-1.0814454694497264,[Cl-].Cl/C=C/C[N+]12CN3CN(CN(C3)C1)C2
B-2052,-0.4411714751829884,C\C=C/CO
B-2078,-0.5252011811993688,O=[P](N1CCOCC1)(N2CCOCC2)N3CCOCC3
B-2081,-0.5371529641683263,CC1NC(=O)CNC1=O
B-2083,-0.23210238398190938,O=C1NC=NC=C1
B-2085,-0.4205594028602028,CC(=O)C1(C)CO1
B-2087,-0.4575480526240234,OC[C@H]1O[C@@H](O[C@@H]2[C@@H](CO)O[C@](O)(CO)[C@H]2O)[C@H](O)[C@@H](O)[C@H]1O
B-2099,-0.28066871301627333,CCOC[C@H](N)C(O)=O
B-2107,-0.40616033891872866,O=[P](Oc1ccccc1)(N2CCOCC2)N3CCOCC3
B-2137,-0.16526148109615893,O[P](O)(=O)c1cccc(c1)[N+]([O-])=O
B-2141,-1.39577394691553,C[S](=O)(=O)N[S](C)(=O)=O
B-2143,-1.2596373105057561,COC(OC)\C=C/C(OC)OC
B-2144,-0.8979094744881633,CN1CCC=C1C
B-2197,-0.3004224086010908,OC(=O)CC[P](O)(O)=O
B-2211,-0.5519123333076589,CNCl
B-2219,-0.09028354676565538,[Br-].CC[NH2+]CC
B-2224,-0.3889142665851274,CNCC(O)C(O)C(O)C(O)CO
B-2226,-0.3393242116614759,OC(=O)CN(CCC#N)CCC#N
B-2232,-0.7258421507363202,Cc1[nH]cnc1[S](O)(=O)=O
B-2238,-0.29387989029729644,CN(C)C(=O)c1ccccc1C(=O)N(C)C
B-2266,-0.31785492362616824,OCC(CO)OCC=C
B-2277,-0.1861522457711457,CNC(=O)\C=C(/C)O[P](=O)(OC)OC
B-2298,-0.29800052511036323,CN(C)C(=O)CCC(=O)N(C)C
B-2305,-0.6507224725320447,O=[S]=O
B-2308,-0.07510073598571654,CC1(CCOC1=O)C(O)=O
B-2321,0.23014225231864185,[H+].[F-]
B-2322,0.003632837004408289,O[S](O)(=O)=O
B-2333,-0.20851988397999913,O[As](O)(O)=O
B-2334,-1.1605219526258017,O=O
B-2337,-0.3689623034632596,COC(=O)\C=C(/C)O[P](=O)(OC)OC
B-2343,-0.5159850373324371,CC(C)[C@@H](O)C#N
B-2347,-0.07510073598571654,CC1CC1(C(O)=O)C(O)=O
B-2351,-0.07037674848475964,CO[P](N)(=O)SC
B-2364,-0.29140915484965624,CCO[P](=O)(OC)OC
B-2369,-0.07566901529132161,O[P](O)(=O)CCCl
B-2375,-1.260427655549908,CC(C)OCC(O)COC(C)C
B-2379,-0.5757719293040201,CN(C)C(=O)c1ccc(cc1)C(=O)N(C)C
B-2381,-0.2812492652603348,CCN(CC)C(=O)\C(Cl)=C(/C)O[P](=O)(OC)OC
B-2385,-0.032545631817259224,CN(CC(O)=O)N=O
B-2388,-0.7086311495484173,Nc1c(cc(Nc2ccc(c(Nc3nc(Cl)nc(Cl)n3)c2)[S](O)(=O)=O)c4C(=O)c5ccccc5C(=O)c14)[S](O)(=O)=O
B-2397,-0.47860037188462434,NC(N)=NCCCCCCCCNCCCCCCCCN=C(N)N
B-2401,0.021147935720994666,CCC(O)CN
B-2412,-0.732593581247096,CCC(C)N
B-2431,-0.3392293564723027,CC(C)C(N)C(=O)NCC(O)=O
B-2432,-0.3124710387853657,CN(C)C(=O)c1cccc(c1)C(=O)N(C)C
B-2462,-0.6064247967304125,CC(OC(C)=O)C#N
B-2472,-1.115204636051019,OC(=O)CC(Cl)C(O)=O
B-2505,-0.7980569365983498,O[C@H](C(O)=O)c1ccccc1
B-2555,-0.5307672574933879,N[C@@H]([C@H](O)[C@@H](O)COC(N)=O)C(=O)N[C@@H]([C@H]1O[C@H](C(O)C1O)N2C=C(CO)C(=O)NC2=O)C(O)=O
B-2567,-0.18548604763176182,COC[C@H](N)C(O)=O
B-2571,0.025182934335449245,CCNC(C)C
B-2582,-0.16399254087446855,COCC(C)OCC(C)OCC(C)O
B-2608,-0.10100072911021091,CCC(O)CNCC(O)CC
B-2627,-0.9738754832545498,CNC(=O)O\N=C(SC)\C(=O)N(C)C
B-2630,-0.2978280491422888,[H+].[Cl-].CNC(=O)Oc1cccc(c1)N=CN(C)C
B-2660,-0.05933412752417117,CCC(O)OC(O)CC
B-2667,-0.16399254087446855,COCC(C)OCC(C)OC(C)CO
B-2669,-0.11390426756225261,[NH4+].CCO[P]([O-])(=O)C(N)=O
B-2728,0.027349607774756507,C1O[C@@H]1[C@@H]2CO2
B-2732,0.027349607774756507,C1O[C@H]1[C@H]2CO2
B-2755,-0.7848914189469068,O[C@@H](C=O)[C@H]1OC(=O)[C@@H](O)[C@H]1O
B-2786,-0.08134070657817674,COC(C)COC(C)CO
B-2803,-0.30944953848964135,C[C@H](NC(=O)[C@H](C)NC(=O)[C@@H](N)CC[P](C)(O)=O)C(O)=O
B-2822,-0.5182708030399841,OC[C@H]1C[C@H](N[C@H]2C=C(CO)[C@@H](O)[C@H](O)[C@H]2O)[C@H](O)[C@@H](O)[C@@H]1O[C@@H]3O[C@H](CO)[C@@H](O)[C@H](O)[C@H]3O
B-2852,-0.17855198098246972,CC(C)N.OC(=O)CNC[P](O)(O)=O
B-2865,-0.7672579372792632,CNC(=O)N(C)C(=O)CC#N
B-2877,-0.445389714773836,CN(C)c1ncc2nccnc2n1
B-2918,-0.21559669824699157,OC(=O)c1ccc(c(c1)C(O)=O)[S](O)(=O)=O
B-2934,-0.23210238398190938,O=C1CC=NC=N1
B-2937,-1.6925039620867872,CCC1(C)OC(=O)NC1=O
B-2974,-0.036731748473764855,C\C=C(/Cl)C(O)=O
B-2981,-1.2814983111327258,O=NN1CCCC1=O
B-3039,-0.324863495532006,CCCO[P](=O)(OC)OC
B-3062,-0.8847224086040987,O[S](=O)(=O)c1c[nH]cn1
B-3102,-0.18561920553006184,CCNC(C)C(O)=O
B-3118,-0.04119729660049764,CC1(CCCC1=O)C#N
B-3128,-0.12113366304327472,CCOC(=O)CN(N=O)C(N)=O
B-3182,-0.2665619729089387,CC[S](=O)(=O)N[S](=O)(=O)CC
B-3195,-0.9150664250632838,Cc1cc(C)nc(n1)C(N)=O
B-3217,-0.16973219906635822,O[S](=O)(=O)C(Cl)[S](O)(=O)=O
B-3226,-0.2703493316640798,O[S](=O)(=O)C(Cl)([S](O)(=O)=O)[S](O)(=O)=O
B-3236,-0.07587584681417518,[NH4+].C[P](O)(=O)CCC(N)C([O-])=O
B-3242,-1.0414361167780326,CCOC(CC(C)O)OCC
B-3291,-0.3397038397292703,COCCCCC=O
B-3311,-1.1029229967905798,CC(O)C([N+]([O-])=O)[N+]([O-])=O
B-3332,-0.44045244441956566,CCOC(=O)C(O)C=C
B-3372,-0.538651566352017,NC(=O)C1CCCC(N1)C(N)=O
B-3456,-0.6991872058818831,O[C@@H]([C@@H](O)[C@@H](O)C(O)=O)[C@@H](O)C(O)=O
B-3472,-0.3082114755973016,CCN(Cc1ccc(Cl)nc1)\C(NC)=C\[N+]([O-])=O
B-3492,-0.3979400086720376,CCC1=C(C(O)=O)C(=O)C=NN1c2ccc(Cl)cc2
B-3665,0.0710346750541517,CN(C)C
B-3723,-0.032592443402527205,OC(=O)CCl
B-3724,-0.5564241202497424,CC(C)C(O)=O
B-3792,-0.41150419899279,CCC(C)O
B-3890,-0.08328292240118755,CCOC(=O)NC
B-3941,-0.5657505476035245,CCC#N
B-3942,-0.8315025164769673,C=CC#N
B-4034,-0.13584504399797442,CCOC(N)=O
B-4035,-0.02026956933771453,NC(=O)C=C
B-4037,-0.5652714582202423,CCCC(N)=O
B-4060,-1.7931741239681502,CCN(CC)N=O
B-4069,-0.27400674107527756,CCN(C)N=O
B-4164,-0.25758911941950746,CO[P](=O)(OC)OC
B-4212,-0.01592296609716924,COC(N)=O
B-4260,0.08930445184787068,CCCN
B-4262,0.13229171596680286,CC=O
B-4265,0.053193727600869684,CN(C)N=O
B-4268,0.00936589834624468,[O-][n+]1ccccc1
B-4271,-1.0277971616209356,Cc1cccnc1C
B-4272,-0.3495953301319682,Cc1ccnc(C)c1
B-4307,-0.002176919254274547,CCN(CC)C=O
B-4318,-1.3635121036466347,CC[S](=O)(=O)CC
B-4346,-0.361610592334664,[Cl-].[Cl-].C[n+]1ccc(cc1)c2cc[n+](C)cc2
B-4347,-0.5040396051182948,[Br-].[Br-].C1C[n+]2ccccc2c3cccc[n+]13
B-4354,0.04945061813154958,C=O
B-4361,-0.43640027111846896,CC(=O)C(C)=O
B-4382,-0.6548223834572959,O=[S]1OCCO1
B-4493,-0.15583358954979928,OCC(O)C(O)CO
B-4559,-0.2958494831602009,COCOC
B-4642,-1.191789027075778,NC(=O)CBr
C-9,-0.036212172654444715,NCC(O)=O
C-23,-1.0,CC(C)(C)OC(N)=O
C-30,-0.13076828026902382,OCC1OC(O)C(O)C(O)C1O
C-45,0.0,OC(=O)CCCC(O)=O
C-59,-0.1938200260161128,OC(CC(O)=O)C(O)=O
C-81,-0.2924298239020636,NC1=CC(=CC=C1)N
C-225,-0.26760624017703144,CO[P](=O)(NC(C)=O)SC
C-307,-1.6989700043360187,C1=NC2=C(N=C1)N=CN=C2
C-343,-0.5528419686577808,OCC(O)C1OC(=O)C(=C1O)O
C-577,-0.5086383061657274,CN1N(C2=CC=CC=C2)C(=O)C(=C1C)N
C-618,-1.5228787452803376,CC1N(C)CN2C(=O)C3=C(C=CC=C3)N=C12
C-1074,-0.6020599913279624,N#CCC#N
C-1083,-0.6989700043360187,C[S](C)(=O)=O
C-1146,-0.37675070960209955,CN(C)CNC(=O)C1=CC=CC=C1
C-1264,-0.36653154442041347,OCCN(CCO)C(=O)COC(=O)C1=CC=CC=C1
C-1531,-0.3098039199714863,CC1CNC(C)CN1
C-1536,-0.42021640338318983,CCC(C)(N)C(O)=O
C-1541,-0.24412514432750865,CCC(CO)NCCNC(CC)CO
C-1569,-0.3187587626244128,CC(CC(O)=O)C(O)=O
C-1572,-1.0,NCC(=O)NCC(O)=O
C-1573,-1.0457574905606752,CC(CCC(O)=O)CC(O)=O
C-1582,-2.0,OC1CC(=CC(O)C1O)C(O)=O
C-1589,-0.44369749923271273,OC(C(O)=O)C(Cl)(Cl)Cl
C-1593,-0.4089353929735008,O=C1CCC(=O)N1
C-1630,-0.494850021680094,OCC(O)C(O)C(O)C(=O)CO
C-1647,-0.9208187539523752,NCCC1=CC(=C(O)C=C1)O
C-1685,-0.26760624017703144,CNC(=O)C(C)SCCS[P](=O)(OC)OC
C-1841,-0.3187587626244128,COC(=O)C(N)CC1=CC(=C(O)C=C1)O
C-1855,-0.5228787452803376,OCC1OC(OCC2OC(OC3(CO)OC(CO)C(O)C3O)C(O)C(O)C2O)C(O)C(O)C1O
C-1972,-1.0969100130080565,C[N]1C=NC2=C1C(=NC(=O)N2)NCCO
C-2015,-1.6989700043360187,CCC[N]1C=NC2=C1C(=O)N(C)C(=O)N2C
D-215,-0.09745322068600859,[Cl-].C[N+](C)(C)CCCl
D-549,0.19256745333654565,CNC
D-652,-0.28483264215154214,OC(=O)C(Cl)(Cl)Cl
D-954,-0.0947439512515487,COC(=O)C1CN(C)C(=O)C1
D-962,-0.30016227413275426,CCc1ccccn1
D-963,-0.34969247686806354,Cc1cccc(C)n1
D-1329,-0.5575202309355514,OCC(O)C1OC(=C(O)C1=O)O
D-1355,-0.3957739469155299,CCO[S](C)(=O)=O
D-1359,-0.28232949699773785,OC(=O)CC(S)C(O)=O
D-1387,-0.7471469690201068,OC1CC(O)(CC(O)C1O)C(O)=O
D-1464,-0.5606673061697374,OC(=O)CC(CC(O)=O)C(O)=O
D-1540,-0.07831352451639793,NCCNCCNCCN
D-1542,-0.1408617027054692,NCCNCCNCCNCCN
D-1575,-0.08565684288055925,OCC(CO)(CO)[N+]([O-])=O
D-1648,-0.4400933749638875,O=C1C=CC=C2[C@@H]3CNC[C@H](C3)CN12
D-1666,-0.12262865413022594,O[S](=O)(=O)C[S](O)(=O)=O
D-1707,-0.2692177243336108,CCc1cccnc1
D-1799,-0.14691047014813446,CC[NH+](C)CC
E-225,-1.3979400086720375,OCC(C)C
E-290,-0.23657200643706275,CCC=O
E-296,-0.494850021680094,O=CC=CC
E-299,-0.28399665636520083,O=C(CC)C
E-394,-0.25181197299379954,O(CCC1)C1
E-400,-0.1938200260161128,O1CC(O)C(O)C(O)C1(O)CO
E-458,-1.154901959985743,N(N)c(cccc1)c1
E-459,-0.11918640771920865,c1ccccn1
E-468,-0.10237290870955855,n(cccc1C(N(CC2)C)C2)c1
E-569,0.06069784035361165,N(CCC1)C1
E-573,-0.638272163982407,N(CCCC1)(C1)C
E-779,0.037426497940623665,OCC(O)C(O)C(O)C(O)CO
E-786,-1.2218487496163564,c1c(C)nc2cncnc2n1
E-886,-0.44369749923271273,C1=CC(=O)N2CC(C3)CNCC3C2=C1
F-163,-1.5228787452803376,CSCCC(NC(C)=O)C(=O)O
F-174,-1.6989700043360187,NC(=O)NN=CC(O)C(O)C(O)CO
F-183,-0.5086383061657274,CC(C)CC(N)C(=O)NCC(=O)NCC(=O)O
F-521,-2.0,CC(=O)NC(CC1=CC=C(O)C=C1)C(=O)O
F-602,-0.4089353929735008,CC(CC(=O)NC1=CC=CC=C1)C(=O)O
F-705,0.05307844348341968,CCOC(=O)N1CCN(C)CC1
F-706,-0.18708664335714442,CCOC(=O)N1CC(C)NCC1C
F-709,-1.6989700043360187,CC1CN(C(=N)N)C(C)CN1C(=N)N
F-827,-0.7958800173440752,CCCCCCCCSC(=N)N
F-890,-0.8860566476931632,CC(=O)NC1=CC=C(OP(O)(=O)O)C=C1
F-1133,-1.0969100130080565,CN1C=NC=C1CC(N)C(=O)O
F-1210,-0.21467016498923297,O=C(O)C(O)(CO)CC(O)CO
G-115,-0.20760831050174613,CCCO
G-258,-0.36653154442041347,CC(C)O
G-365,-0.585026652029182,CC#N
G-407,-0.18641901143180803,CNC(=O)C=C(C)OP(=O)(OC)OC
G-600,-0.2814983111327257,CCN(CC)C(=O)C(=CCOP(=O)(OC)OC)Cl
G-704,-0.1938200260161128,OCC1OC(O)(CO)C(O)C1O
G-811,-0.3372421683184259,COC(=O)C
G-906,-0.9746941347352298,CNC(=O)ON=C(SC)C(=O)N(C)C
G-1066,-0.10237290870955855,OCC2OC(OC1(CO)OC(CO)C(O)C1O)C(O)C(O)C2O 
G-1072,-0.494850021680094,C/C=C/C=O
